time,id,y,rel_time,treat,first_treat
1,1,2.1582892515231484,-11,FALSE,12
2,1,2.498051527118168,-10,FALSE,12
3,1,3.03407738354065,-9,FALSE,12
4,1,4.886265861813404,-8,FALSE,12
5,1,7.0859498075720095,-7,FALSE,12
6,1,5.788351741163997,-6,FALSE,12
7,1,6.232277937188158,-5,FALSE,12
8,1,8.508307924798377,-4,FALSE,12
9,1,10.321465874416896,-3,FALSE,12
10,1,12.460660814326516,-2,FALSE,12
11,1,13.537242619302313,-1,FALSE,12
12,1,12.660431468346461,0,TRUE,12
13,1,21.92255125690853,1,TRUE,12
14,1,31.50923480899831,2,TRUE,12
15,1,42.747253306071826,3,TRUE,12
16,1,52.87807749139901,4,TRUE,12
17,1,62.35101662962329,5,TRUE,12
18,1,73.31307575475026,6,TRUE,12
19,1,83.1228105653095,7,TRUE,12
20,1,92.16315958185689,8,TRUE,12
21,1,103.60042173680415,9,TRUE,12
22,1,112.75406533688896,10,TRUE,12
23,1,122.81533535116907,11,TRUE,12
24,1,133.0231567710546,12,TRUE,12
25,1,142.51534841728505,13,TRUE,12
26,1,152.26209365742113,14,TRUE,12
27,1,164.30250752046652,15,TRUE,12
28,1,173.56449943891812,16,TRUE,12
29,1,181.19495565201441,17,TRUE,12
30,1,193.43833890944293,18,TRUE,12
31,1,201.5589110335761,19,TRUE,12
32,1,213.95282915268473,20,TRUE,12
33,1,222.27701761544537,21,TRUE,12
34,1,233.04876030058674,22,TRUE,12
35,1,241.4364678206722,23,TRUE,12
36,1,250.69763362900446,24,TRUE,12
37,1,264.1579635707624,25,TRUE,12
38,1,272.295264563451,26,TRUE,12
39,1,281.42617786549374,27,TRUE,12
40,1,293.5183515446658,28,TRUE,12
41,1,301.93506942256465,29,TRUE,12
42,1,313.0470543772728,30,TRUE,12
43,1,323.84804743148237,31,TRUE,12
44,1,333.4326777637075,32,TRUE,12
45,1,343.5228053340352,33,TRUE,12
46,1,352.7461139063813,34,TRUE,12
47,1,362.50314807483454,35,TRUE,12
48,1,374.2601011532334,36,TRUE,12
49,1,383.56498019974003,37,TRUE,12
50,1,392.65536229538145,38,TRUE,12
51,1,403.7248098012155,39,TRUE,12
52,1,413.8640921389507,40,TRUE,12
53,1,423.36924663271776,41,TRUE,12
54,1,434.58359622963866,42,TRUE,12
55,1,443.06037041371167,43,TRUE,12
56,1,453.12871093152546,44,TRUE,12
57,1,462.14921072630284,45,TRUE,12
58,1,474.09855115987943,46,TRUE,12
59,1,481.79364497538694,47,TRUE,12
60,1,493.5818622756012,48,TRUE,12
1,2,3.8636898946062135,-23,FALSE,24
2,2,4.983052003516704,-22,FALSE,24
3,2,3.7287397493906766,-21,FALSE,24
4,2,5.998937244040226,-20,FALSE,24
5,2,6.039089841915175,-19,FALSE,24
6,2,9.259209306091655,-18,FALSE,24
7,2,8.133393110233479,-17,FALSE,24
8,2,10.24904418987589,-16,FALSE,24
9,2,10.913831776647514,-15,FALSE,24
10,2,11.50711565881234,-14,FALSE,24
11,2,12.73100108639793,-13,FALSE,24
12,2,13.600759763939852,-12,FALSE,24
13,2,14.055702490103249,-11,FALSE,24
14,2,17.01318833182108,-10,FALSE,24
15,2,16.591295931538614,-9,FALSE,24
16,2,17.81891320972005,-8,FALSE,24
17,2,20.183755855264813,-7,FALSE,24
18,2,18.391505508622597,-6,FALSE,24
19,2,18.727560137661232,-5,FALSE,24
20,2,19.959392083816383,-4,FALSE,24
21,2,22.351993646201837,-3,FALSE,24
22,2,24.717722237473676,-2,FALSE,24
23,2,24.896599988134167,-1,FALSE,24
24,2,26.327017361940307,0,TRUE,24
25,2,31.022402668789184,1,TRUE,24
26,2,38.34144298271876,2,TRUE,24
27,2,44.043822392047986,3,TRUE,24
28,2,48.978421636780205,4,TRUE,24
29,2,56.79342771916576,5,TRUE,24
30,2,62.501624457844116,6,TRUE,24
31,2,66.44552964636466,7,TRUE,24
32,2,74.88349783730405,8,TRUE,24
33,2,79.79223219905457,9,TRUE,24
34,2,87.83137401441157,10,TRUE,24
35,2,92.17726438203904,11,TRUE,24
36,2,97.19415935158176,12,TRUE,24
37,2,105.94793246953866,13,TRUE,24
38,2,110.12119705234613,14,TRUE,24
39,2,115.64505087339121,15,TRUE,24
40,2,123.05286625000878,16,TRUE,24
41,2,129.16311396243822,17,TRUE,24
42,2,133.20116718188734,18,TRUE,24
43,2,140.7754552942444,19,TRUE,24
44,2,144.00499264777818,20,TRUE,24
45,2,151.6494378072812,21,TRUE,24
46,2,158.38086474248064,22,TRUE,24
47,2,164.25821378047675,23,TRUE,24
48,2,170.96451026274968,24,TRUE,24
49,2,175.50872184714947,25,TRUE,24
50,2,182.08163875584816,26,TRUE,24
51,2,187.83822927728704,27,TRUE,24
52,2,195.27281706938618,28,TRUE,24
53,2,199.27973072864575,29,TRUE,24
54,2,207.54105155929227,30,TRUE,24
55,2,212.85366155043707,31,TRUE,24
56,2,218.8023994911645,32,TRUE,24
57,2,223.65737784521727,33,TRUE,24
58,2,230.10040004245815,34,TRUE,24
59,2,236.15198823813944,35,TRUE,24
60,2,239.54418744588267,36,TRUE,24
1,3,3.657971014551624,-23,FALSE,24
2,3,3.6850183812613118,-22,FALSE,24
3,3,4.089947991832958,-21,FALSE,24
4,3,7.579521797948254,-20,FALSE,24
5,3,6.284822263818538,-19,FALSE,24
6,3,8.601620761113796,-18,FALSE,24
7,3,8.421251691874543,-17,FALSE,24
8,3,12.844803247262497,-16,FALSE,24
9,3,12.975759554913578,-15,FALSE,24
10,3,12.66979935139083,-14,FALSE,24
11,3,15.193400953798115,-13,FALSE,24
12,3,14.666480875889107,-12,FALSE,24
13,3,16.16636782407448,-11,FALSE,24
14,3,16.56975629565484,-10,FALSE,24
15,3,19.96595859468528,-9,FALSE,24
16,3,19.559368623371242,-8,FALSE,24
17,3,19.358494669373577,-7,FALSE,24
18,3,20.953025404212703,-6,FALSE,24
19,3,23.134143906046724,-5,FALSE,24
20,3,23.289231287199733,-4,FALSE,24
21,3,24.462396154260734,-3,FALSE,24
22,3,26.181868566250085,-2,FALSE,24
23,3,24.59027242061397,-1,FALSE,24
24,3,26.376393650510924,0,TRUE,24
25,3,32.34291000310691,1,TRUE,24
26,3,39.70782376981257,2,TRUE,24
27,3,43.37207342719831,3,TRUE,24
28,3,50.55188324994369,4,TRUE,24
29,3,58.119014387372,5,TRUE,24
30,3,63.185996669942554,6,TRUE,24
31,3,68.63794030797793,7,TRUE,24
32,3,75.24700199904473,8,TRUE,24
33,3,81.358568278699,9,TRUE,24
34,3,87.01693300862419,10,TRUE,24
35,3,92.76472283886191,11,TRUE,24
36,3,98.60931335733622,12,TRUE,24
37,3,103.87944694645904,13,TRUE,24
38,3,110.93767609027202,14,TRUE,24
39,3,117.71414178709239,15,TRUE,24
40,3,123.7730449172634,16,TRUE,24
41,3,130.98370558850738,17,TRUE,24
42,3,135.88127215578015,18,TRUE,24
43,3,139.84743687011158,19,TRUE,24
44,3,147.55526742574426,20,TRUE,24
45,3,153.26835801495085,21,TRUE,24
46,3,160.26793195047063,22,TRUE,24
47,3,163.09167854431783,23,TRUE,24
48,3,171.4787689647376,24,TRUE,24
49,3,176.97152622038777,25,TRUE,24
50,3,183.10074543076442,26,TRUE,24
51,3,189.85754666267698,27,TRUE,24
52,3,194.78866247842856,28,TRUE,24
53,3,201.47201754115147,29,TRUE,24
54,3,206.5538002264831,30,TRUE,24
55,3,213.59272751372066,31,TRUE,24
56,3,220.41738685887077,32,TRUE,24
57,3,226.4767955062641,33,TRUE,24
58,3,230.87561541320545,34,TRUE,24
59,3,235.23721235123799,35,TRUE,24
60,3,243.00224503631964,36,TRUE,24
1,4,5.084261167107471,-Inf,FALSE,Inf
2,4,6.024774677445696,-Inf,FALSE,Inf
3,4,6.351410116025458,-Inf,FALSE,Inf
4,4,6.939997834057626,-Inf,FALSE,Inf
5,4,8.399485241875004,-Inf,FALSE,Inf
6,4,11.06329921968661,-Inf,FALSE,Inf
7,4,12.390049088748205,-Inf,FALSE,Inf
8,4,11.202001943127767,-Inf,FALSE,Inf
9,4,13.887348784648367,-Inf,FALSE,Inf
10,4,13.402939415875867,-Inf,FALSE,Inf
11,4,14.865361616058971,-Inf,FALSE,Inf
12,4,15.684071819164224,-Inf,FALSE,Inf
13,4,16.210663713576334,-Inf,FALSE,Inf
14,4,18.741226548004647,-Inf,FALSE,Inf
15,4,18.39204050159379,-Inf,FALSE,Inf
16,4,19.55820752709799,-Inf,FALSE,Inf
17,4,21.282611909329383,-Inf,FALSE,Inf
18,4,21.826256805018023,-Inf,FALSE,Inf
19,4,23.335221265620437,-Inf,FALSE,Inf
20,4,23.351789616413665,-Inf,FALSE,Inf
21,4,24.969364473282294,-Inf,FALSE,Inf
22,4,26.72509271247576,-Inf,FALSE,Inf
23,4,26.12895019625065,-Inf,FALSE,Inf
24,4,27.569377661439507,-Inf,FALSE,Inf
25,4,28.87219403471958,-Inf,FALSE,Inf
26,4,30.086088768570125,-Inf,FALSE,Inf
27,4,31.28517708392528,-Inf,FALSE,Inf
28,4,31.43310356920308,-Inf,FALSE,Inf
29,4,33.12946264588554,-Inf,FALSE,Inf
30,4,34.500283034536764,-Inf,FALSE,Inf
31,4,32.62639749434898,-Inf,FALSE,Inf
32,4,36.525979966582526,-Inf,FALSE,Inf
33,4,37.60544141080295,-Inf,FALSE,Inf
34,4,37.332537464861815,-Inf,FALSE,Inf
35,4,37.629323883214155,-Inf,FALSE,Inf
36,4,40.57575717485196,-Inf,FALSE,Inf
37,4,40.67487800599122,-Inf,FALSE,Inf
38,4,42.93967690994299,-Inf,FALSE,Inf
39,4,44.04800595440858,-Inf,FALSE,Inf
40,4,45.01498228971432,-Inf,FALSE,Inf
41,4,43.360111209594216,-Inf,FALSE,Inf
42,4,48.58773229184321,-Inf,FALSE,Inf
43,4,46.62757983302507,-Inf,FALSE,Inf
44,4,47.900274880698475,-Inf,FALSE,Inf
45,4,48.25387156938997,-Inf,FALSE,Inf
46,4,50.37088674057689,-Inf,FALSE,Inf
47,4,51.02481014521631,-Inf,FALSE,Inf
48,4,52.286780884577425,-Inf,FALSE,Inf
49,4,51.848763262673174,-Inf,FALSE,Inf
50,4,54.25334671920417,-Inf,FALSE,Inf
51,4,55.57641253049139,-Inf,FALSE,Inf
52,4,57.62698963171758,-Inf,FALSE,Inf
53,4,58.877390822651336,-Inf,FALSE,Inf
54,4,57.93731551380586,-Inf,FALSE,Inf
55,4,56.76748446934073,-Inf,FALSE,Inf
56,4,60.57479141255444,-Inf,FALSE,Inf
57,4,60.639814631742205,-Inf,FALSE,Inf
58,4,63.68433932451072,-Inf,FALSE,Inf
59,4,63.14399503673057,-Inf,FALSE,Inf
60,4,65.03018307968239,-Inf,FALSE,Inf
1,5,6.721552950664332,-43,FALSE,44
2,5,6.6413041369351085,-42,FALSE,44
3,5,8.308330066708002,-41,FALSE,44
4,5,9.880533136552764,-40,FALSE,44
5,5,11.399528557569061,-39,FALSE,44
6,5,10.666582628850797,-38,FALSE,44
7,5,11.437415507423069,-37,FALSE,44
8,5,12.140401221021119,-36,FALSE,44
9,5,15.021133386712311,-35,FALSE,44
10,5,15.526364018427609,-34,FALSE,44
11,5,15.187711423193134,-33,FALSE,44
12,5,14.930854093407111,-32,FALSE,44
13,5,18.32817793617126,-31,FALSE,44
14,5,18.039535331453806,-30,FALSE,44
15,5,22.37083611286944,-29,FALSE,44
16,5,23.209530970050835,-28,FALSE,44
17,5,23.151231699233488,-27,FALSE,44
18,5,23.675365083147515,-26,FALSE,44
19,5,25.214169594690937,-25,FALSE,44
20,5,24.276688799429202,-24,FALSE,44
21,5,24.99951704030587,-23,FALSE,44
22,5,26.87640836346106,-22,FALSE,44
23,5,27.11716150871187,-21,FALSE,44
24,5,28.473837573372798,-20,FALSE,44
25,5,31.019341203088405,-19,FALSE,44
26,5,30.584577318732997,-18,FALSE,44
27,5,28.234158138923508,-17,FALSE,44
28,5,32.43100279609636,-16,FALSE,44
29,5,35.41380019771224,-15,FALSE,44
30,5,35.71123538977884,-14,FALSE,44
31,5,34.73047403211073,-13,FALSE,44
32,5,37.34417815457536,-12,FALSE,44
33,5,38.725769497724514,-11,FALSE,44
34,5,40.59179368540824,-10,FALSE,44
35,5,38.01508088993511,-9,FALSE,44
36,5,42.171197458258234,-8,FALSE,44
37,5,42.424142821126246,-7,FALSE,44
38,5,42.74376569078484,-6,FALSE,44
39,5,44.09831692651026,-5,FALSE,44
40,5,43.54660931393676,-4,FALSE,44
41,5,46.99069845869902,-3,FALSE,44
42,5,45.73240431221186,-2,FALSE,44
43,5,49.561693733159956,-1,FALSE,44
44,5,48.43153345951879,0,TRUE,44
45,5,54.46655706222409,1,TRUE,44
46,5,57.926014734689446,2,TRUE,44
47,5,59.814753645214644,3,TRUE,44
48,5,65.61357067489058,4,TRUE,44
49,5,67.19656813119185,5,TRUE,44
50,5,73.87388239835248,6,TRUE,44
51,5,76.91455820954707,7,TRUE,44
52,5,79.98056083531428,8,TRUE,44
53,5,85.29658078316483,9,TRUE,44
54,5,89.16329367779423,10,TRUE,44
55,5,94.01765341702539,11,TRUE,44
56,5,97.11383760762834,12,TRUE,44
57,5,101.47612999399315,13,TRUE,44
58,5,105.67235891728707,14,TRUE,44
59,5,109.55193364038546,15,TRUE,44
60,5,113.14923058632816,16,TRUE,44
1,6,7.680346685257884,-11,FALSE,12
2,6,8.38430553688403,-10,FALSE,12
3,6,8.039001836468984,-9,FALSE,12
4,6,9.274441532958672,-8,FALSE,12
5,6,11.183290536370107,-7,FALSE,12
6,6,10.968793938680854,-6,FALSE,12
7,6,13.28144216272381,-5,FALSE,12
8,6,13.856179630633546,-4,FALSE,12
9,6,14.6925088222567,-3,FALSE,12
10,6,15.44238271504133,-2,FALSE,12
11,6,14.686600434616343,-1,FALSE,12
12,6,18.629744488470372,0,TRUE,12
13,6,29.414830116342536,1,TRUE,12
14,6,39.32408080241229,2,TRUE,12
15,6,46.445402376393886,3,TRUE,12
16,6,58.132978850682804,4,TRUE,12
17,6,66.37119485543916,5,TRUE,12
18,6,79.08181009336715,6,TRUE,12
19,6,86.70548422060486,7,TRUE,12
20,6,100.00896798194533,8,TRUE,12
21,6,106.25825558358056,9,TRUE,12
22,6,118.62795785181119,10,TRUE,12
23,6,129.8056928803254,11,TRUE,12
24,6,137.2941838864505,12,TRUE,12
25,6,148.57398451454236,13,TRUE,12
26,6,159.13025753506128,14,TRUE,12
27,6,168.05643716214584,15,TRUE,12
28,6,177.81421567112787,16,TRUE,12
29,6,189.55713868328485,17,TRUE,12
30,6,199.46576953034065,18,TRUE,12
31,6,210.67889273932528,19,TRUE,12
32,6,218.59781563469244,20,TRUE,12
33,6,229.14850712088244,21,TRUE,12
34,6,239.27285399438,22,TRUE,12
35,6,246.97645563242654,23,TRUE,12
36,6,255.36599897166602,24,TRUE,12
37,6,268.5701789728819,25,TRUE,12
38,6,279.2079195543695,26,TRUE,12
39,6,287.2766936929759,27,TRUE,12
40,6,299.4138571354329,28,TRUE,12
41,6,308.4605528625209,29,TRUE,12
42,6,319.31895963325326,30,TRUE,12
43,6,327.86648752724653,31,TRUE,12
44,6,338.50975568714045,32,TRUE,12
45,6,346.71972942050223,33,TRUE,12
46,6,357.7076185519478,34,TRUE,12
47,6,367.58121756079686,35,TRUE,12
48,6,377.577573811577,36,TRUE,12
49,6,385.85838117141395,37,TRUE,12
50,6,397.9076304225316,38,TRUE,12
51,6,408.61335612121724,39,TRUE,12
52,6,417.1452660528543,40,TRUE,12
53,6,427.4774452079071,41,TRUE,12
54,6,438.90028651013114,42,TRUE,12
55,6,447.938244882496,43,TRUE,12
56,6,458.2942744703536,44,TRUE,12
57,6,468.2473817035239,45,TRUE,12
58,6,478.3705724895898,46,TRUE,12
59,6,488.794381293921,47,TRUE,12
60,6,498.01120752692464,48,TRUE,12
1,7,7.632736142362504,-23,FALSE,24
2,7,7.495267624568194,-22,FALSE,24
3,7,10.296922240474348,-21,FALSE,24
4,7,11.61387418754317,-20,FALSE,24
5,7,12.544875236256816,-19,FALSE,24
6,7,11.692619447821032,-18,FALSE,24
7,7,15.200475386473002,-17,FALSE,24
8,7,13.671978463373273,-16,FALSE,24
9,7,14.692288615410423,-15,FALSE,24
10,7,18.255568630448856,-14,FALSE,24
11,7,17.340663414019684,-13,FALSE,24
12,7,17.399004374225893,-12,FALSE,24
13,7,19.640140891498206,-11,FALSE,24
14,7,21.428619801789733,-10,FALSE,24
15,7,22.60326023128227,-9,FALSE,24
16,7,23.061761308529892,-8,FALSE,24
17,7,23.357270809867085,-7,FALSE,24
18,7,24.256956714301275,-6,FALSE,24
19,7,26.11850857775651,-5,FALSE,24
20,7,27.513907710698675,-4,FALSE,24
21,7,29.37299572052726,-3,FALSE,24
22,7,29.498617194913862,-2,FALSE,24
23,7,30.109431106016388,-1,FALSE,24
24,7,31.566784311796695,0,TRUE,24
25,7,37.43850457104208,1,TRUE,24
26,7,42.09557903222678,2,TRUE,24
27,7,47.17772643648231,3,TRUE,24
28,7,54.00931490632795,4,TRUE,24
29,7,60.822787761242964,5,TRUE,24
30,7,66.7201810444937,6,TRUE,24
31,7,73.321141777689,7,TRUE,24
32,7,78.61183645167337,8,TRUE,24
33,7,84.77987622034803,9,TRUE,24
34,7,90.45506717146093,10,TRUE,24
35,7,98.7231079096682,11,TRUE,24
36,7,102.56967907519766,12,TRUE,24
37,7,108.03583754589933,13,TRUE,24
38,7,115.82160954530437,14,TRUE,24
39,7,119.64890956451876,15,TRUE,24
40,7,126.46092064226848,16,TRUE,24
41,7,131.76202332223343,17,TRUE,24
42,7,139.40663860848449,18,TRUE,24
43,7,146.34962693633813,19,TRUE,24
44,7,150.9227230658819,20,TRUE,24
45,7,156.46864909948823,21,TRUE,24
46,7,161.9396511967417,22,TRUE,24
47,7,170.28549945572468,23,TRUE,24
48,7,175.09498156182684,24,TRUE,24
49,7,181.19005711870668,25,TRUE,24
50,7,186.274707245541,26,TRUE,24
51,7,192.03542424080172,27,TRUE,24
52,7,199.43428757450718,28,TRUE,24
53,7,205.62104376489546,29,TRUE,24
54,7,209.88688408930702,30,TRUE,24
55,7,217.82239365438645,31,TRUE,24
56,7,222.7275975131819,32,TRUE,24
57,7,228.26197209059717,33,TRUE,24
58,7,235.41568316786933,34,TRUE,24
59,7,239.86531463817298,35,TRUE,24
60,7,245.9993266760318,36,TRUE,24
1,8,10.568851407422983,-15,FALSE,16
2,8,10.877409669933392,-14,FALSE,16
3,8,10.577175189238645,-13,FALSE,16
4,8,10.652913754564999,-12,FALSE,16
5,8,11.559599124855948,-11,FALSE,16
6,8,14.727693313149542,-10,FALSE,16
7,8,15.130648423271168,-9,FALSE,16
8,8,14.42205258616725,-8,FALSE,16
9,8,17.25284429696007,-7,FALSE,16
10,8,18.190669680734164,-6,FALSE,16
11,8,18.47820166457695,-5,FALSE,16
12,8,22.076028753437768,-4,FALSE,16
13,8,20.521819245438937,-3,FALSE,16
14,8,20.426350105969203,-2,FALSE,16
15,8,23.592491758149396,-1,FALSE,16
16,8,23.16644299987553,0,TRUE,16
17,8,32.60617412617366,1,TRUE,16
18,8,41.316773018335965,2,TRUE,16
19,8,50.722515326719616,3,TRUE,16
20,8,59.521647986293125,4,TRUE,16
21,8,68.40829857738431,5,TRUE,16
22,8,76.823076145348125,6,TRUE,16
23,8,87.92581659902005,7,TRUE,16
24,8,96.13606319602583,8,TRUE,16
25,8,104.6766973320188,9,TRUE,16
26,8,116.48954525750763,10,TRUE,16
27,8,123.2467033457097,11,TRUE,16
28,8,131.2434169640673,12,TRUE,16
29,8,142.49719571665582,13,TRUE,16
30,8,150.6834611469654,14,TRUE,16
31,8,160.00289513597082,15,TRUE,16
32,8,168.51677358382324,16,TRUE,16
33,8,176.80373785879107,17,TRUE,16
34,8,186.42127785570958,18,TRUE,16
35,8,194.8312202607883,19,TRUE,16
36,8,203.52497745014998,20,TRUE,16
37,8,212.44136996940534,21,TRUE,16
38,8,222.99091439185943,22,TRUE,16
39,8,230.95700820217098,23,TRUE,16
40,8,241.66546278341798,24,TRUE,16
41,8,248.72896709953937,25,TRUE,16
42,8,260.61561739361173,26,TRUE,16
43,8,267.2899602124069,27,TRUE,16
44,8,275.98267891255546,28,TRUE,16
45,8,284.5625811859776,29,TRUE,16
46,8,294.4005546670388,30,TRUE,16
47,8,304.8398635239111,31,TRUE,16
48,8,312.043404393379,32,TRUE,16
49,8,322.7055686805789,33,TRUE,16
50,8,330.31489906021193,34,TRUE,16
51,8,339.729506040217,35,TRUE,16
52,8,348.6797819675823,36,TRUE,16
53,8,356.4802666890636,37,TRUE,16
54,8,366.4746275764336,38,TRUE,16
55,8,375.8712606664916,39,TRUE,16
56,8,383.0035995735341,40,TRUE,16
57,8,393.5538131034957,41,TRUE,16
58,8,400.70326052332763,42,TRUE,16
59,8,412.80631155553954,43,TRUE,16
60,8,421.01962487030556,44,TRUE,16
1,9,11.796842647123258,-15,FALSE,16
2,9,9.955021773244475,-14,FALSE,16
3,9,11.472628091837038,-13,FALSE,16
4,9,12.682180550732907,-12,FALSE,16
5,9,12.946049056816937,-11,FALSE,16
6,9,15.131837573111019,-10,FALSE,16
7,9,17.521756071845093,-9,FALSE,16
8,9,17.257872361384113,-8,FALSE,16
9,9,17.15512615080634,-7,FALSE,16
10,9,17.944539412605945,-6,FALSE,16
11,9,20.139045781481826,-5,FALSE,16
12,9,21.546081519012418,-4,FALSE,16
13,9,20.96956684719853,-3,FALSE,16
14,9,22.859096846633722,-2,FALSE,16
15,9,25.948005363194344,-1,FALSE,16
16,9,23.40620185837019,0,TRUE,16
17,9,35.404857086505054,1,TRUE,16
18,9,42.997699993745556,2,TRUE,16
19,9,52.3049044343258,3,TRUE,16
20,9,61.92137523959579,4,TRUE,16
21,9,70.12157925690708,5,TRUE,16
22,9,79.37982514349329,6,TRUE,16
23,9,89.67069615362836,7,TRUE,16
24,9,96.76869200282037,8,TRUE,16
25,9,105.2023770671534,9,TRUE,16
26,9,115.22219790459458,10,TRUE,16
27,9,124.3658091910096,11,TRUE,16
28,9,131.98037329713787,12,TRUE,16
29,9,142.66434779156376,13,TRUE,16
30,9,151.69640691361252,14,TRUE,16
31,9,161.44816084799143,15,TRUE,16
32,9,169.20169916153725,16,TRUE,16
33,9,177.86142215192336,17,TRUE,16
34,9,187.21657240770028,18,TRUE,16
35,9,197.75465827749358,19,TRUE,16
36,9,205.136027089182,20,TRUE,16
37,9,214.28200962476885,21,TRUE,16
38,9,221.6097446182122,22,TRUE,16
39,9,231.72965993040728,23,TRUE,16
40,9,240.89006444001149,24,TRUE,16
41,9,250.59616983504668,25,TRUE,16
42,9,259.74210128370214,26,TRUE,16
43,9,268.2881374481072,27,TRUE,16
44,9,275.73179763553645,28,TRUE,16
45,9,287.9612978504424,29,TRUE,16
46,9,296.48808044453017,30,TRUE,16
47,9,304.6318152547397,31,TRUE,16
48,9,311.922587478825,32,TRUE,16
49,9,322.64182214439717,33,TRUE,16
50,9,331.2427015853056,34,TRUE,16
51,9,341.76368280243673,35,TRUE,16
52,9,348.0043382271598,36,TRUE,16
53,9,359.08369971277466,37,TRUE,16
54,9,366.2654949960032,38,TRUE,16
55,9,375.75142829852393,39,TRUE,16
56,9,385.99252024886226,40,TRUE,16
57,9,395.21508840769906,41,TRUE,16
58,9,403.60600894656386,42,TRUE,16
59,9,412.2614149556756,43,TRUE,16
60,9,420.62425132637367,44,TRUE,16
1,10,11.457984890986816,-43,FALSE,44
2,10,11.887081461187515,-42,FALSE,44
3,10,12.57992845772842,-41,FALSE,44
4,10,13.726475757295743,-40,FALSE,44
5,10,13.416627938441083,-39,FALSE,44
6,10,15.369185986033902,-38,FALSE,44
7,10,17.25915275305402,-37,FALSE,44
8,10,17.2622375783177,-36,FALSE,44
9,10,18.163005752550212,-35,FALSE,44
10,10,18.515865460458066,-34,FALSE,44
11,10,20.152271166457265,-33,FALSE,44
12,10,19.894406950179228,-32,FALSE,44
13,10,23.187628441048222,-31,FALSE,44
14,10,22.983751847798565,-30,FALSE,44
15,10,26.983773036997192,-29,FALSE,44
16,10,26.67559253538877,-28,FALSE,44
17,10,27.15350432458,-27,FALSE,44
18,10,28.323349996202243,-26,FALSE,44
19,10,29.920799240598875,-25,FALSE,44
20,10,28.92002915437777,-24,FALSE,44
21,10,33.17749291220117,-23,FALSE,44
22,10,30.770653027370336,-22,FALSE,44
23,10,33.19768973173017,-21,FALSE,44
24,10,33.90749053766071,-20,FALSE,44
25,10,34.780962355173685,-19,FALSE,44
26,10,36.445685537589576,-18,FALSE,44
27,10,37.46316025089877,-17,FALSE,44
28,10,38.64968900527811,-16,FALSE,44
29,10,38.8372231784584,-15,FALSE,44
30,10,40.96935945540989,-14,FALSE,44
31,10,39.410942712585225,-13,FALSE,44
32,10,41.84823493076122,-12,FALSE,44
33,10,42.868349199070096,-11,FALSE,44
34,10,44.912156233087565,-10,FALSE,44
35,10,45.346414295419414,-9,FALSE,44
36,10,45.592337400014294,-8,FALSE,44
37,10,46.66055254102226,-7,FALSE,44
38,10,49.237092266069546,-6,FALSE,44
39,10,50.37459761117788,-5,FALSE,44
40,10,49.727473846314574,-4,FALSE,44
41,10,51.513338954245135,-3,FALSE,44
42,10,52.42477855791665,-2,FALSE,44
43,10,53.2650602362656,-1,FALSE,44
44,10,53.71518248053639,0,TRUE,44
45,10,56.15863790679732,1,TRUE,44
46,10,62.55891583727681,2,TRUE,44
47,10,65.50164915931649,3,TRUE,44
48,10,69.30139104332007,4,TRUE,44
49,10,75.37651155088633,5,TRUE,44
50,10,76.26449089240045,6,TRUE,44
51,10,83.08955917999029,7,TRUE,44
52,10,86.39783179374541,8,TRUE,44
53,10,89.95876385287762,9,TRUE,44
54,10,94.73529465757014,10,TRUE,44
55,10,97.41460269640133,11,TRUE,44
56,10,102.3941588842314,12,TRUE,44
57,10,105.3506621239421,13,TRUE,44
58,10,110.65438845699815,14,TRUE,44
59,10,114.15211502671916,15,TRUE,44
60,10,117.19070065971198,16,TRUE,44
1,11,12.040083949657973,-15,FALSE,16
2,11,12.886428814323402,-14,FALSE,16
3,11,15.585320346267943,-13,FALSE,16
4,11,15.943864605626148,-12,FALSE,16
5,11,17.46020170019132,-11,FALSE,16
6,11,17.050742069636218,-10,FALSE,16
7,11,18.001290511318697,-9,FALSE,16
8,11,18.892998340411193,-8,FALSE,16
9,11,21.25147004183766,-7,FALSE,16
10,11,19.807827331617208,-6,FALSE,16
11,11,23.150499450512964,-5,FALSE,16
12,11,22.390388635881152,-4,FALSE,16
13,11,25.320830684660326,-3,FALSE,16
14,11,23.236157642328376,-2,FALSE,16
15,11,25.56557364412876,-1,FALSE,16
16,11,27.850360424391546,0,TRUE,16
17,11,37.227391690243884,1,TRUE,16
18,11,46.037427302982955,2,TRUE,16
19,11,55.07622623358318,3,TRUE,16
20,11,63.77089417522794,4,TRUE,16
21,11,71.62631004178179,5,TRUE,16
22,11,80.58774744542498,6,TRUE,16
23,11,89.79153280985511,7,TRUE,16
24,11,98.69751955976535,8,TRUE,16
25,11,107.67069775927425,9,TRUE,16
26,11,117.30684000547701,10,TRUE,16
27,11,124.29527397054753,11,TRUE,16
28,11,134.5469272647352,12,TRUE,16
29,11,143.55599247962627,13,TRUE,16
30,11,153.03432376006222,14,TRUE,16
31,11,162.79292750897773,15,TRUE,16
32,11,169.62844161080812,16,TRUE,16
33,11,178.14239347701027,17,TRUE,16
34,11,188.36674379748575,18,TRUE,16
35,11,196.38675065293114,19,TRUE,16
36,11,206.3120083274816,20,TRUE,16
37,11,216.00622364122287,21,TRUE,16
38,11,225.1475706493783,22,TRUE,16
39,11,234.7463810625769,23,TRUE,16
40,11,241.59938372877136,24,TRUE,16
41,11,251.6970723179715,25,TRUE,16
42,11,261.8257830079114,26,TRUE,16
43,11,270.4589995934087,27,TRUE,16
44,11,280.195790971927,28,TRUE,16
45,11,289.0657690550017,29,TRUE,16
46,11,297.180163781654,30,TRUE,16
47,11,305.2093449417153,31,TRUE,16
48,11,313.8475189647672,32,TRUE,16
49,11,321.49893684808745,33,TRUE,16
50,11,332.4461343696894,34,TRUE,16
51,11,341.65291657718944,35,TRUE,16
52,11,351.2200130049802,36,TRUE,16
53,11,360.0747539002718,37,TRUE,16
54,11,369.88035924655617,38,TRUE,16
55,11,378.40083671782156,39,TRUE,16
56,11,385.94920063564143,40,TRUE,16
57,11,396.0636731038625,41,TRUE,16
58,11,407.5307948307666,42,TRUE,16
59,11,413.1353656151376,43,TRUE,16
60,11,421.772742567221,44,TRUE,16
1,12,12.514272996726769,-11,FALSE,12
2,12,13.764203942320284,-10,FALSE,12
3,12,14.263019222833414,-9,FALSE,12
4,12,16.3970657389591,-8,FALSE,12
5,12,16.769232503801693,-7,FALSE,12
6,12,17.923559693752537,-6,FALSE,12
7,12,19.504628051987005,-5,FALSE,12
8,12,20.22702217592186,-4,FALSE,12
9,12,20.498884989278313,-3,FALSE,12
10,12,22.150417111705394,-2,FALSE,12
11,12,25.171404410811306,-1,FALSE,12
12,12,22.988516440424878,0,TRUE,12
13,12,32.77752026797464,1,TRUE,12
14,12,43.99956548384287,2,TRUE,12
15,12,52.97875033229194,3,TRUE,12
16,12,62.482679214042534,4,TRUE,12
17,12,74.07934796478372,5,TRUE,12
18,12,82.51542940975216,6,TRUE,12
19,12,94.14851533900251,7,TRUE,12
20,12,103.28063689038464,8,TRUE,12
21,12,113.78700939451791,9,TRUE,12
22,12,124.43510279710868,10,TRUE,12
23,12,134.36369586647265,11,TRUE,12
24,12,143.337014918942,12,TRUE,12
25,12,152.66089096858803,13,TRUE,12
26,12,162.37191469118213,14,TRUE,12
27,12,171.8756294034946,15,TRUE,12
28,12,182.93464479532005,16,TRUE,12
29,12,193.37538431489347,17,TRUE,12
30,12,205.29473927050438,18,TRUE,12
31,12,214.0819093959849,19,TRUE,12
32,12,224.48041554862286,20,TRUE,12
33,12,234.07426640771695,21,TRUE,12
34,12,245.58418534326418,22,TRUE,12
35,12,254.35924693619648,23,TRUE,12
36,12,264.0613304198291,24,TRUE,12
37,12,274.35205931174426,25,TRUE,12
38,12,284.0880656021687,26,TRUE,12
39,12,294.62957242237815,27,TRUE,12
40,12,305.3863320920449,28,TRUE,12
41,12,312.7008782631295,29,TRUE,12
42,12,324.6803544564874,30,TRUE,12
43,12,332.92500561492574,31,TRUE,12
44,12,344.9113254369867,32,TRUE,12
45,12,354.5585379336318,33,TRUE,12
46,12,364.54429758078,34,TRUE,12
47,12,371.3224440945235,35,TRUE,12
48,12,382.8077610375969,36,TRUE,12
49,12,393.2745405176626,37,TRUE,12
50,12,404.1167221372905,38,TRUE,12
51,12,412.35175647033105,39,TRUE,12
52,12,424.9858242461453,40,TRUE,12
53,12,434.683937931885,41,TRUE,12
54,12,445.1382797992294,42,TRUE,12
55,12,456.9902897583411,43,TRUE,12
56,12,465.08178271137075,44,TRUE,12
57,12,474.5417142916716,45,TRUE,12
58,12,483.1425971016358,46,TRUE,12
59,12,492.5203235029207,47,TRUE,12
60,12,501.18211067843794,48,TRUE,12
1,13,14.418142514233868,-23,FALSE,24
2,13,17.251033142476473,-22,FALSE,24
3,13,15.108751443230402,-21,FALSE,24
4,13,17.705965410296724,-20,FALSE,24
5,13,16.481942157818185,-19,FALSE,24
6,13,20.20075706071736,-18,FALSE,24
7,13,21.286462425642164,-17,FALSE,24
8,13,20.956284926217506,-16,FALSE,24
9,13,21.663862329808897,-15,FALSE,24
10,13,23.064829484686413,-14,FALSE,24
11,13,23.53102180099728,-13,FALSE,24
12,13,25.090552673347567,-12,FALSE,24
13,13,26.114868388846702,-11,FALSE,24
14,13,26.312067426721228,-10,FALSE,24
15,13,28.868082063094903,-9,FALSE,24
16,13,27.647326170116287,-8,FALSE,24
17,13,29.2695977219533,-7,FALSE,24
18,13,30.623512277926164,-6,FALSE,24
19,13,32.093527421161824,-5,FALSE,24
20,13,33.22010482546915,-4,FALSE,24
21,13,34.78539148143465,-3,FALSE,24
22,13,35.6471502746413,-2,FALSE,24
23,13,36.289033297957765,-1,FALSE,24
24,13,37.04009152308711,0,TRUE,24
25,13,40.66529699250606,1,TRUE,24
26,13,47.99847757162799,2,TRUE,24
27,13,54.9894407890221,3,TRUE,24
28,13,61.61681367143325,4,TRUE,24
29,13,65.32616461744206,5,TRUE,24
30,13,73.26793279814504,6,TRUE,24
31,13,79.88220844518278,7,TRUE,24
32,13,84.25748410386471,8,TRUE,24
33,13,88.98722747785702,9,TRUE,24
34,13,97.6534475920292,10,TRUE,24
35,13,103.1935099003296,11,TRUE,24
36,13,109.4126027434282,12,TRUE,24
37,13,116.10414897770758,13,TRUE,24
38,13,121.11294377016159,14,TRUE,24
39,13,126.12553613477581,15,TRUE,24
40,13,133.09899016610095,16,TRUE,24
41,13,138.83944830514505,17,TRUE,24
42,13,144.19634810565972,18,TRUE,24
43,13,150.1748679351758,19,TRUE,24
44,13,156.3243900676268,20,TRUE,24
45,13,163.47879620417618,21,TRUE,24
46,13,168.16866066121,22,TRUE,24
47,13,173.87520742760182,23,TRUE,24
48,13,180.24308790700135,24,TRUE,24
49,13,188.17818286842385,25,TRUE,24
50,13,193.28685859197975,26,TRUE,24
51,13,200.19177478132164,27,TRUE,24
52,13,207.13185245619857,28,TRUE,24
53,13,211.3596047099805,29,TRUE,24
54,13,214.83248627731825,30,TRUE,24
55,13,222.71882834447348,31,TRUE,24
56,13,229.79863156728845,32,TRUE,24
57,13,235.43409136982797,33,TRUE,24
58,13,239.41330784060918,34,TRUE,24
59,13,247.73765945296904,35,TRUE,24
60,13,253.28212900088948,36,TRUE,24
1,14,15.092619868499938,-43,FALSE,44
2,14,15.605658349382576,-42,FALSE,44
3,14,16.492430498491835,-41,FALSE,44
4,14,16.564166408997195,-40,FALSE,44
5,14,19.04476414521297,-39,FALSE,44
6,14,19.857605225368523,-38,FALSE,44
7,14,20.040758844430147,-37,FALSE,44
8,14,18.799073619308146,-36,FALSE,44
9,14,21.393192413048006,-35,FALSE,44
10,14,23.619625777737134,-34,FALSE,44
11,14,25.30523678450055,-33,FALSE,44
12,14,25.604318192704497,-32,FALSE,44
13,14,27.264351432916484,-31,FALSE,44
14,14,28.91757956575042,-30,FALSE,44
15,14,30.151981637102026,-29,FALSE,44
16,14,30.262911180868702,-28,FALSE,44
17,14,30.96627280098674,-27,FALSE,44
18,14,31.701871647267364,-26,FALSE,44
19,14,33.2091919204898,-25,FALSE,44
20,14,34.47187683632804,-24,FALSE,44
21,14,33.45636773725237,-23,FALSE,44
22,14,34.75567210556251,-22,FALSE,44
23,14,35.94339203358266,-21,FALSE,44
24,14,39.09502966206146,-20,FALSE,44
25,14,38.28386216099369,-19,FALSE,44
26,14,40.522510124207074,-18,FALSE,44
27,14,41.07993062461316,-17,FALSE,44
28,14,42.31024808122981,-16,FALSE,44
29,14,41.461438186257986,-15,FALSE,44
30,14,43.73667316145428,-14,FALSE,44
31,14,46.489200164178065,-13,FALSE,44
32,14,45.92174584995632,-12,FALSE,44
33,14,48.386654761144946,-11,FALSE,44
34,14,47.12949254088373,-10,FALSE,44
35,14,49.57066927323493,-9,FALSE,44
36,14,49.94226558609421,-8,FALSE,44
37,14,50.556719100320926,-7,FALSE,44
38,14,52.9330601316683,-6,FALSE,44
39,14,52.912779068881584,-5,FALSE,44
40,14,54.56987893972749,-4,FALSE,44
41,14,54.272028743765034,-3,FALSE,44
42,14,56.929948855607336,-2,FALSE,44
43,14,56.16213334149833,-1,FALSE,44
44,14,58.51947523517264,0,TRUE,44
45,14,64.2776837881867,1,TRUE,44
46,14,65.63002739544959,2,TRUE,44
47,14,70.56362267067482,3,TRUE,44
48,14,73.35345851700892,4,TRUE,44
49,14,76.85226065466786,5,TRUE,44
50,14,81.25731655339627,6,TRUE,44
51,14,86.24295933136656,7,TRUE,44
52,14,90.14745964285153,8,TRUE,44
53,14,93.94248992764979,9,TRUE,44
54,14,97.36822819941237,10,TRUE,44
55,14,101.58890248090106,11,TRUE,44
56,14,108.11854484618421,12,TRUE,44
57,14,109.42168802735547,13,TRUE,44
58,14,112.35587547619173,14,TRUE,44
59,14,118.26903585390298,15,TRUE,44
60,14,124.395253290185,16,TRUE,44
1,15,16.223935122455778,-Inf,FALSE,Inf
2,15,16.76336251524477,-Inf,FALSE,Inf
3,15,19.13406944510915,-Inf,FALSE,Inf
4,15,18.735425361103246,-Inf,FALSE,Inf
5,15,18.004711122253244,-Inf,FALSE,Inf
6,15,20.936853422451474,-Inf,FALSE,Inf
7,15,22.337357342265967,-Inf,FALSE,Inf
8,15,22.48910558017415,-Inf,FALSE,Inf
9,15,23.60046772736205,-Inf,FALSE,Inf
10,15,24.857955877595273,-Inf,FALSE,Inf
11,15,27.673977789628328,-Inf,FALSE,Inf
12,15,26.145585173635826,-Inf,FALSE,Inf
13,15,28.534977375243535,-Inf,FALSE,Inf
14,15,28.65286968038842,-Inf,FALSE,Inf
15,15,31.923042759313372,-Inf,FALSE,Inf
16,15,30.943553231157036,-Inf,FALSE,Inf
17,15,31.937897529226813,-Inf,FALSE,Inf
18,15,32.15262071837174,-Inf,FALSE,Inf
19,15,33.907731602098295,-Inf,FALSE,Inf
20,15,36.011599949498155,-Inf,FALSE,Inf
21,15,35.72185052495426,-Inf,FALSE,Inf
22,15,37.04347593911604,-Inf,FALSE,Inf
23,15,37.54509486338673,-Inf,FALSE,Inf
24,15,38.92726536605859,-Inf,FALSE,Inf
25,15,38.45486159658589,-Inf,FALSE,Inf
26,15,41.48390073784948,-Inf,FALSE,Inf
27,15,42.355438620416294,-Inf,FALSE,Inf
28,15,45.04534637323659,-Inf,FALSE,Inf
29,15,44.09705077847703,-Inf,FALSE,Inf
30,15,44.60849411054785,-Inf,FALSE,Inf
31,15,45.53758508135775,-Inf,FALSE,Inf
32,15,46.97422941523059,-Inf,FALSE,Inf
33,15,48.06447976059912,-Inf,FALSE,Inf
34,15,47.67018147823732,-Inf,FALSE,Inf
35,15,49.21152143273426,-Inf,FALSE,Inf
36,15,49.7104223641216,-Inf,FALSE,Inf
37,15,51.81218479839107,-Inf,FALSE,Inf
38,15,52.41281765310243,-Inf,FALSE,Inf
39,15,55.906788193157624,-Inf,FALSE,Inf
40,15,55.98309937870448,-Inf,FALSE,Inf
41,15,55.22329428460885,-Inf,FALSE,Inf
42,15,55.66499181498609,-Inf,FALSE,Inf
43,15,59.59116449350873,-Inf,FALSE,Inf
44,15,61.04310982122536,-Inf,FALSE,Inf
45,15,60.747478860242644,-Inf,FALSE,Inf
46,15,61.66626341138033,-Inf,FALSE,Inf
47,15,60.10488529809945,-Inf,FALSE,Inf
48,15,62.611877538704036,-Inf,FALSE,Inf
49,15,64.94278070300902,-Inf,FALSE,Inf
50,15,63.88370165468297,-Inf,FALSE,Inf
51,15,66.83840337145523,-Inf,FALSE,Inf
52,15,67.58132216644309,-Inf,FALSE,Inf
53,15,68.3878684097395,-Inf,FALSE,Inf
54,15,70.03673758660801,-Inf,FALSE,Inf
55,15,69.83615384629672,-Inf,FALSE,Inf
56,15,71.52160487007214,-Inf,FALSE,Inf
57,15,71.02587335506915,-Inf,FALSE,Inf
58,15,72.601914787691,-Inf,FALSE,Inf
59,15,73.8121128423202,-Inf,FALSE,Inf
60,15,76.04371039784755,-Inf,FALSE,Inf
1,16,15.229173346731473,-23,FALSE,24
2,16,17.162335386898746,-22,FALSE,24
3,16,17.938028036803537,-21,FALSE,24
4,16,20.34760738353888,-20,FALSE,24
5,16,20.413326079603642,-19,FALSE,24
6,16,21.777916578947636,-18,FALSE,24
7,16,23.15667593174643,-17,FALSE,24
8,16,23.853186555619384,-16,FALSE,24
9,16,25.86830933621562,-15,FALSE,24
10,16,25.980569231718246,-14,FALSE,24
11,16,27.4340623679805,-13,FALSE,24
12,16,28.620187897662703,-12,FALSE,24
13,16,29.481352129601813,-11,FALSE,24
14,16,30.46021522516521,-10,FALSE,24
15,16,30.804013656372152,-9,FALSE,24
16,16,31.329853556606423,-8,FALSE,24
17,16,33.12171931101237,-7,FALSE,24
18,16,34.02381496525668,-6,FALSE,24
19,16,34.531003544797294,-5,FALSE,24
20,16,35.84789129194602,-4,FALSE,24
21,16,38.744366445065914,-3,FALSE,24
22,16,38.983075077371005,-2,FALSE,24
23,16,40.085957268867304,-1,FALSE,24
24,16,40.80700738184404,0,TRUE,24
25,16,45.31172543596609,1,TRUE,24
26,16,53.12689733149866,2,TRUE,24
27,16,59.06592610024597,3,TRUE,24
28,16,64.44211770600464,4,TRUE,24
29,16,69.6200198463211,5,TRUE,24
30,16,76.27855995940146,6,TRUE,24
31,16,82.92168426334551,7,TRUE,24
32,16,90.54559309811724,8,TRUE,24
33,16,95.53115745082572,9,TRUE,24
34,16,100.31531754197113,10,TRUE,24
35,16,104.22226191802758,11,TRUE,24
36,16,111.69201182060583,12,TRUE,24
37,16,119.5985074071974,13,TRUE,24
38,16,121.96695484450686,14,TRUE,24
39,16,129.92813245966997,15,TRUE,24
40,16,135.9167882672552,16,TRUE,24
41,16,142.17383657782912,17,TRUE,24
42,16,148.6233099642112,18,TRUE,24
43,16,152.59851379034296,19,TRUE,24
44,16,158.18656402673497,20,TRUE,24
45,16,164.16188557371404,21,TRUE,24
46,16,170.23311795650534,22,TRUE,24
47,16,176.59268950586534,23,TRUE,24
48,16,184.92918298467123,24,TRUE,24
49,16,189.39564734270567,25,TRUE,24
50,16,195.6431519360874,26,TRUE,24
51,16,201.45669932111565,27,TRUE,24
52,16,208.1563018912047,28,TRUE,24
53,16,212.98830303599215,29,TRUE,24
54,16,219.9398233856002,30,TRUE,24
55,16,226.1826483971646,31,TRUE,24
56,16,233.13257685468153,32,TRUE,24
57,16,238.6902245281142,33,TRUE,24
58,16,243.86583535741158,34,TRUE,24
59,16,250.9532530055737,35,TRUE,24
60,16,255.89665806134872,36,TRUE,24
1,17,17.49296429873449,-43,FALSE,44
2,17,19.102968160045375,-42,FALSE,44
3,17,19.57750827717244,-41,FALSE,44
4,17,21.614049435502583,-40,FALSE,44
5,17,20.76343708505144,-39,FALSE,44
6,17,24.135145607529893,-38,FALSE,44
7,17,23.37628296913256,-37,FALSE,44
8,17,26.07173493931215,-36,FALSE,44
9,17,25.29576436321067,-35,FALSE,44
10,17,26.669122852082857,-34,FALSE,44
11,17,26.659931412908822,-33,FALSE,44
12,17,29.767145201699634,-32,FALSE,44
13,17,29.5213632634945,-31,FALSE,44
14,17,31.261825812430434,-30,FALSE,44
15,17,32.12542334217797,-29,FALSE,44
16,17,32.819719320594125,-28,FALSE,44
17,17,34.19183217032201,-27,FALSE,44
18,17,34.841092935904264,-26,FALSE,44
19,17,36.54358517578637,-25,FALSE,44
20,17,38.9612312055204,-24,FALSE,44
21,17,36.67625688287375,-23,FALSE,44
22,17,39.45265813398628,-22,FALSE,44
23,17,39.79367576312082,-21,FALSE,44
24,17,42.02106020029621,-20,FALSE,44
25,17,42.89032143377886,-19,FALSE,44
26,17,42.91105121282386,-18,FALSE,44
27,17,43.622145094125415,-17,FALSE,44
28,17,45.15872041363751,-16,FALSE,44
29,17,47.488913893752155,-15,FALSE,44
30,17,44.867310492811455,-14,FALSE,44
31,17,46.7336218000314,-13,FALSE,44
32,17,51.06959561219495,-12,FALSE,44
33,17,49.132873743386405,-11,FALSE,44
34,17,51.66386571035595,-10,FALSE,44
35,17,49.65299379342756,-9,FALSE,44
36,17,53.32116304327457,-8,FALSE,44
37,17,55.27580420527272,-7,FALSE,44
38,17,52.15457665461131,-6,FALSE,44
39,17,56.3806825403283,-5,FALSE,44
40,17,57.79539377069936,-4,FALSE,44
41,17,57.8162629357377,-3,FALSE,44
42,17,57.2977706981086,-2,FALSE,44
43,17,62.35427204851496,-1,FALSE,44
44,17,60.20293833344304,0,TRUE,44
45,17,65.95731288097136,1,TRUE,44
46,17,67.70452599491841,2,TRUE,44
47,17,74.05952695737273,3,TRUE,44
48,17,76.50570209610358,4,TRUE,44
49,17,82.08440846995656,5,TRUE,44
50,17,84.9747440627944,6,TRUE,44
51,17,88.2530134072584,7,TRUE,44
52,17,91.55214354586502,8,TRUE,44
53,17,97.39421361215402,9,TRUE,44
54,17,100.39877281931456,10,TRUE,44
55,17,105.43152420861423,11,TRUE,44
56,17,107.78601661805271,12,TRUE,44
57,17,112.95413770198263,13,TRUE,44
58,17,118.30909881061443,14,TRUE,44
59,17,120.30992158114238,15,TRUE,44
60,17,123.89671538016069,16,TRUE,44
1,18,18.39007249765174,-15,FALSE,16
2,18,20.412951090182982,-14,FALSE,16
3,18,22.236713152351086,-13,FALSE,16
4,18,22.955792630556253,-12,FALSE,16
5,18,21.640971312680737,-11,FALSE,16
6,18,23.52254646451691,-10,FALSE,16
7,18,23.255945471428248,-9,FALSE,16
8,18,25.879875226324433,-8,FALSE,16
9,18,26.32255484562871,-7,FALSE,16
10,18,29.346969588653103,-6,FALSE,16
11,18,27.948387646594004,-5,FALSE,16
12,18,29.60730874276941,-4,FALSE,16
13,18,30.459928389947905,-3,FALSE,16
14,18,33.59721076304841,-2,FALSE,16
15,18,33.762010047160466,-1,FALSE,16
16,18,32.56142215485521,0,TRUE,16
17,18,43.695612523753894,1,TRUE,16
18,18,51.75770967370749,2,TRUE,16
19,18,61.48424524857396,3,TRUE,16
20,18,69.85383561325176,4,TRUE,16
21,18,79.13659652444683,5,TRUE,16
22,18,88.74841151925824,6,TRUE,16
23,18,98.11606192170044,7,TRUE,16
24,18,105.403373403682,8,TRUE,16
25,18,114.15996597640094,9,TRUE,16
26,18,124.47122911495917,10,TRUE,16
27,18,132.93271087712367,11,TRUE,16
28,18,142.2023956701014,12,TRUE,16
29,18,150.91915063707995,13,TRUE,16
30,18,157.27654261802084,14,TRUE,16
31,18,169.12252788062298,15,TRUE,16
32,18,178.3089994195337,16,TRUE,16
33,18,186.29768745764025,17,TRUE,16
34,18,195.78386209435018,18,TRUE,16
35,18,206.21566937800554,19,TRUE,16
36,18,215.23091101149242,20,TRUE,16
37,18,222.9157991167649,21,TRUE,16
38,18,231.14981136834143,22,TRUE,16
39,18,241.2211530761797,23,TRUE,16
40,18,251.34474565136412,24,TRUE,16
41,18,259.4940979900222,25,TRUE,16
42,18,269.5529688071046,26,TRUE,16
43,18,276.6805883771879,27,TRUE,16
44,18,284.30870523857294,28,TRUE,16
45,18,294.4972040775524,29,TRUE,16
46,18,303.523444438232,30,TRUE,16
47,18,313.85465492666157,31,TRUE,16
48,18,322.73163036787525,32,TRUE,16
49,18,332.5923298830099,33,TRUE,16
50,18,339.60982980434756,34,TRUE,16
51,18,347.8608561022129,35,TRUE,16
52,18,360.39776615887166,36,TRUE,16
53,18,368.74933522076805,37,TRUE,16
54,18,375.87756019390565,38,TRUE,16
55,18,387.93800893958814,39,TRUE,16
56,18,394.952888553036,40,TRUE,16
57,18,404.40827606172616,41,TRUE,16
58,18,411.77155444522293,42,TRUE,16
59,18,420.1940593022972,43,TRUE,16
60,18,429.38462535259976,44,TRUE,16
1,19,18.504691688069286,-11,FALSE,12
2,19,22.038433731138433,-10,FALSE,12
3,19,19.866443958943613,-9,FALSE,12
4,19,23.130830554266375,-8,FALSE,12
5,19,22.542660753762053,-7,FALSE,12
6,19,23.48811171419179,-6,FALSE,12
7,19,26.219174613397183,-5,FALSE,12
8,19,27.7130902359118,-4,FALSE,12
9,19,27.926360797514274,-3,FALSE,12
10,19,28.249146088605553,-2,FALSE,12
11,19,30.092872730929386,-1,FALSE,12
12,19,31.44754399242155,0,TRUE,12
13,19,40.649512235940314,1,TRUE,12
14,19,51.58186520323729,2,TRUE,12
15,19,60.13951198314695,3,TRUE,12
16,19,69.13598382104439,4,TRUE,12
17,19,82.49069354177698,5,TRUE,12
18,19,92.03613962468334,6,TRUE,12
19,19,99.60174749160167,7,TRUE,12
20,19,111.93194040112974,8,TRUE,12
21,19,121.55312200446714,9,TRUE,12
22,19,131.58576879979074,10,TRUE,12
23,19,141.87598021682547,11,TRUE,12
24,19,150.39348500040447,12,TRUE,12
25,19,161.77703067922837,13,TRUE,12
26,19,172.04373893328668,14,TRUE,12
27,19,180.3471120068221,15,TRUE,12
28,19,192.02592608519782,16,TRUE,12
29,19,200.3455239066664,17,TRUE,12
30,19,212.41774321772823,18,TRUE,12
31,19,221.15462517070438,19,TRUE,12
32,19,233.16923565560373,20,TRUE,12
33,19,241.36640607935843,21,TRUE,12
34,19,251.67978135896658,22,TRUE,12
35,19,261.56562491244944,23,TRUE,12
36,19,269.53527500818325,24,TRUE,12
37,19,280.7327652056198,25,TRUE,12
38,19,292.73129219749603,26,TRUE,12
39,19,301.80628406254834,27,TRUE,12
40,19,311.256143738909,28,TRUE,12
41,19,321.49957377031063,29,TRUE,12
42,19,331.2363591748117,30,TRUE,12
43,19,340.99888696730744,31,TRUE,12
44,19,350.7724940978528,32,TRUE,12
45,19,361.71731440831513,33,TRUE,12
46,19,370.8165470155397,34,TRUE,12
47,19,380.6135195017474,35,TRUE,12
48,19,391.45945025952807,36,TRUE,12
49,19,401.89439370631425,37,TRUE,12
50,19,411.6517678190136,38,TRUE,12
51,19,420.01262121599405,39,TRUE,12
52,19,432.0876566817847,40,TRUE,12
53,19,441.19670931012865,41,TRUE,12
54,19,451.0468634302372,42,TRUE,12
55,19,461.09026529136037,43,TRUE,12
56,19,470.30739465767726,44,TRUE,12
57,19,480.2536185782666,45,TRUE,12
58,19,491.5204093095404,46,TRUE,12
59,19,500.8509780171281,47,TRUE,12
60,19,511.8459868526548,48,TRUE,12
1,20,21.426534572487324,-15,FALSE,16
2,20,20.99015900222448,-14,FALSE,16
3,20,23.812973618551407,-13,FALSE,16
4,20,24.97447566018059,-12,FALSE,16
5,20,26.495141703224625,-11,FALSE,16
6,20,26.685921384561233,-10,FALSE,16
7,20,30.264564559075502,-9,FALSE,16
8,20,26.433114701004346,-8,FALSE,16
9,20,29.9587666947447,-7,FALSE,16
10,20,30.986983599174398,-6,FALSE,16
11,20,30.31243332018164,-5,FALSE,16
12,20,31.181741027161706,-4,FALSE,16
13,20,32.35163189355406,-3,FALSE,16
14,20,33.00435466141529,-2,FALSE,16
15,20,35.29733300547441,-1,FALSE,16
16,20,35.521502917690526,0,TRUE,16
17,20,43.56721721757847,1,TRUE,16
18,20,54.44464559125574,2,TRUE,16
19,20,62.79288685189995,3,TRUE,16
20,20,73.68747418065361,4,TRUE,16
21,20,79.45660095475468,5,TRUE,16
22,20,89.13198697246914,6,TRUE,16
23,20,98.10112426496316,7,TRUE,16
24,20,107.2582420562,8,TRUE,16
25,20,118.07756934958469,9,TRUE,16
26,20,125.00908110565986,10,TRUE,16
27,20,134.25017998814667,11,TRUE,16
28,20,144.0569176225004,12,TRUE,16
29,20,153.8277854677898,13,TRUE,16
30,20,162.8324047377773,14,TRUE,16
31,20,168.13981441635687,15,TRUE,16
32,20,181.21314705322905,16,TRUE,16
33,20,188.84161170575496,17,TRUE,16
34,20,198.82215490803787,18,TRUE,16
35,20,206.35136793123368,19,TRUE,16
36,20,216.30835665832376,20,TRUE,16
37,20,223.0031684111414,21,TRUE,16
38,20,234.4127589056024,22,TRUE,16
39,20,244.03990732606877,23,TRUE,16
40,20,253.55104257727768,24,TRUE,16
41,20,261.4095061641869,25,TRUE,16
42,20,270.69510279731253,26,TRUE,16
43,20,278.24122926679746,27,TRUE,16
44,20,286.919901571827,28,TRUE,16
45,20,297.3100602628675,29,TRUE,16
46,20,307.52622642021686,30,TRUE,16
47,20,315.0617190885298,31,TRUE,16
48,20,322.6398937182344,32,TRUE,16
49,20,331.74656625492486,33,TRUE,16
50,20,340.98819043951124,34,TRUE,16
51,20,350.14658932431104,35,TRUE,16
52,20,360.00991020532234,36,TRUE,16
53,20,367.96748869136655,37,TRUE,16
54,20,377.256384913296,38,TRUE,16
55,20,386.63953836313084,39,TRUE,16
56,20,396.694372789268,40,TRUE,16
57,20,403.8269233084873,41,TRUE,16
58,20,414.73776683659264,42,TRUE,16
59,20,421.85288607064956,43,TRUE,16
60,20,432.3155033961936,44,TRUE,16
1,21,22.51636660938998,-23,FALSE,24
2,21,21.984178694471513,-22,FALSE,24
3,21,23.221970282357265,-21,FALSE,24
4,21,24.63268169870668,-20,FALSE,24
5,21,25.922889565454007,-19,FALSE,24
6,21,26.25550651502011,-18,FALSE,24
7,21,27.385728320955682,-17,FALSE,24
8,21,30.144678859922795,-16,FALSE,24
9,21,30.1399953195514,-15,FALSE,24
10,21,31.761875078721854,-14,FALSE,24
11,21,30.292023241613418,-13,FALSE,24
12,21,32.879139942782245,-12,FALSE,24
13,21,33.099966412437695,-11,FALSE,24
14,21,34.74850360185207,-10,FALSE,24
15,21,36.50192813846209,-9,FALSE,24
16,21,37.41146668221935,-8,FALSE,24
17,21,39.76130304010413,-7,FALSE,24
18,21,39.24027174590978,-6,FALSE,24
19,21,40.48338331058588,-5,FALSE,24
20,21,39.470617074569674,-4,FALSE,24
21,21,43.02159162984309,-3,FALSE,24
22,21,43.761752799560675,-2,FALSE,24
23,21,44.63042750902224,-1,FALSE,24
24,21,45.76550332611331,0,TRUE,24
25,21,51.159941891933386,1,TRUE,24
26,21,58.21779011671603,2,TRUE,24
27,21,62.695124616785684,3,TRUE,24
28,21,68.75965741357778,4,TRUE,24
29,21,74.32180500581774,5,TRUE,24
30,21,80.03097133451809,6,TRUE,24
31,21,88.27292047597986,7,TRUE,24
32,21,92.51348932217694,8,TRUE,24
33,21,98.30161715649507,9,TRUE,24
34,21,104.35135713100543,10,TRUE,24
35,21,110.60598260915779,11,TRUE,24
36,21,115.67676521405433,12,TRUE,24
37,21,121.65982761326124,13,TRUE,24
38,21,128.72485428917383,14,TRUE,24
39,21,135.198703664818,15,TRUE,24
40,21,140.55680046782814,16,TRUE,24
41,21,148.32204699452316,17,TRUE,24
42,21,153.71419569579885,18,TRUE,24
43,21,158.2101214157133,19,TRUE,24
44,21,163.67132965558,20,TRUE,24
45,21,171.18456185005644,21,TRUE,24
46,21,175.71197798392853,22,TRUE,24
47,21,182.21185329365127,23,TRUE,24
48,21,188.5983527295767,24,TRUE,24
49,21,195.31537103446675,25,TRUE,24
50,21,201.77627948451806,26,TRUE,24
51,21,205.42211931967265,27,TRUE,24
52,21,211.42464294157142,28,TRUE,24
53,21,218.30471140889665,29,TRUE,24
54,21,224.45437127396315,30,TRUE,24
55,21,230.44474932322117,31,TRUE,24
56,21,238.09591465427044,32,TRUE,24
57,21,243.3628226751142,33,TRUE,24
58,21,248.06588262570025,34,TRUE,24
59,21,254.9467803357184,35,TRUE,24
60,21,260.95983230838044,36,TRUE,24
1,22,22.20225172002142,-43,FALSE,44
2,22,24.26481031657209,-42,FALSE,44
3,22,27.451955385969214,-41,FALSE,44
4,22,26.473646682755184,-40,FALSE,44
5,22,25.63856571679366,-39,FALSE,44
6,22,27.2256646685644,-38,FALSE,44
7,22,27.44582711402129,-37,FALSE,44
8,22,32.199447339220114,-36,FALSE,44
9,22,29.08300472409583,-35,FALSE,44
10,22,30.431994371090102,-34,FALSE,44
11,22,33.80533092175711,-33,FALSE,44
12,22,35.95721595077869,-32,FALSE,44
13,22,33.56787158387995,-31,FALSE,44
14,22,34.69718624630425,-30,FALSE,44
15,22,37.75204882425547,-29,FALSE,44
16,22,37.22671594172406,-28,FALSE,44
17,22,39.15647395361892,-27,FALSE,44
18,22,40.68990867737076,-26,FALSE,44
19,22,39.90654988969027,-25,FALSE,44
20,22,41.84455314964669,-24,FALSE,44
21,22,45.840953574233225,-23,FALSE,44
22,22,44.23826662260311,-22,FALSE,44
23,22,46.25438695997093,-21,FALSE,44
24,22,47.22840466029159,-20,FALSE,44
25,22,46.5952068764068,-19,FALSE,44
26,22,50.2998194123249,-18,FALSE,44
27,22,49.39353111499216,-17,FALSE,44
28,22,50.02137884802586,-16,FALSE,44
29,22,50.01971156468016,-15,FALSE,44
30,22,51.641054475110906,-14,FALSE,44
31,22,52.16610967071697,-13,FALSE,44
32,22,53.25081868434489,-12,FALSE,44
33,22,54.75464159918213,-11,FALSE,44
34,22,55.068860205955666,-10,FALSE,44
35,22,58.53748835927806,-9,FALSE,44
36,22,59.417326228115385,-8,FALSE,44
37,22,58.9133203125301,-7,FALSE,44
38,22,59.54301410686775,-6,FALSE,44
39,22,61.45054006234314,-5,FALSE,44
40,22,62.200824604139946,-4,FALSE,44
41,22,64.82465843518538,-3,FALSE,44
42,22,62.440352447416466,-2,FALSE,44
43,22,66.15899863485723,-1,FALSE,44
44,22,63.382737840324886,0,TRUE,44
45,22,70.95047644553554,1,TRUE,44
46,22,75.58601296107318,2,TRUE,44
47,22,77.52835761412847,3,TRUE,44
48,22,81.44051541134868,4,TRUE,44
49,22,84.86460201742388,5,TRUE,44
50,22,90.26005700302146,6,TRUE,44
51,22,95.07347638317509,7,TRUE,44
52,22,98.55723511539533,8,TRUE,44
53,22,102.41668761901562,9,TRUE,44
54,22,107.60443743873094,10,TRUE,44
55,22,111.00607338958572,11,TRUE,44
56,22,114.81310899328831,12,TRUE,44
57,22,117.52593909640906,13,TRUE,44
58,22,122.14277241537958,14,TRUE,44
59,22,126.3227960850197,15,TRUE,44
60,22,130.6724971025649,16,TRUE,44
1,23,23.185177099283486,-23,FALSE,24
2,23,26.03598738043309,-22,FALSE,24
3,23,26.677776615237875,-21,FALSE,24
4,23,27.451250206096834,-20,FALSE,24
5,23,25.705779827801617,-19,FALSE,24
6,23,30.077309776194728,-18,FALSE,24
7,23,27.625706467853693,-17,FALSE,24
8,23,31.82965294641873,-16,FALSE,24
9,23,32.668856824368255,-15,FALSE,24
10,23,32.66699150054792,-14,FALSE,24
11,23,33.59906256537976,-13,FALSE,24
12,23,33.99727281946695,-12,FALSE,24
13,23,36.45606825878193,-11,FALSE,24
14,23,37.304045342363466,-10,FALSE,24
15,23,38.03853729053932,-9,FALSE,24
16,23,39.24064348548735,-8,FALSE,24
17,23,41.381184389033834,-7,FALSE,24
18,23,40.03439781232655,-6,FALSE,24
19,23,42.00703139640475,-5,FALSE,24
20,23,42.65773437450797,-4,FALSE,24
21,23,43.90555105042763,-3,FALSE,24
22,23,44.47144688224116,-2,FALSE,24
23,23,45.42605002868628,-1,FALSE,24
24,23,46.27621255577173,0,TRUE,24
25,23,53.480300927621776,1,TRUE,24
26,23,59.69910726842905,2,TRUE,24
27,23,65.93507880996214,3,TRUE,24
28,23,69.6538914248567,4,TRUE,24
29,23,78.28822578115249,5,TRUE,24
30,23,82.93233039728406,6,TRUE,24
31,23,89.8644965337783,7,TRUE,24
32,23,94.37098574102905,8,TRUE,24
33,23,100.4165448161929,9,TRUE,24
34,23,107.15185977911202,10,TRUE,24
35,23,115.091263117747,11,TRUE,24
36,23,119.438986227606,12,TRUE,24
37,23,124.71093714416097,13,TRUE,24
38,23,130.03019411711358,14,TRUE,24
39,23,136.4265660616878,15,TRUE,24
40,23,143.6651411623327,16,TRUE,24
41,23,147.94071991068256,17,TRUE,24
42,23,156.96078397902696,18,TRUE,24
43,23,161.54001748336967,19,TRUE,24
44,23,167.1020734643642,20,TRUE,24
45,23,173.48415681338193,21,TRUE,24
46,23,179.32107257854392,22,TRUE,24
47,23,185.10863251310454,23,TRUE,24
48,23,191.64162758100738,24,TRUE,24
49,23,195.84711809873716,25,TRUE,24
50,23,202.03458651121778,26,TRUE,24
51,23,208.83338732344475,27,TRUE,24
52,23,214.57666831659594,28,TRUE,24
53,23,220.64074885882866,29,TRUE,24
54,23,228.3504888172378,30,TRUE,24
55,23,233.25126422069545,31,TRUE,24
56,23,238.27203757385595,32,TRUE,24
57,23,247.1895179745361,33,TRUE,24
58,23,252.05966606449243,34,TRUE,24
59,23,256.0706640218737,35,TRUE,24
60,23,264.2758818943781,36,TRUE,24
1,24,24.935686817227143,-15,FALSE,16
2,24,24.731912207800587,-14,FALSE,16
3,24,26.622468090904125,-13,FALSE,16
4,24,26.033921427847794,-12,FALSE,16
5,24,28.566500276829956,-11,FALSE,16
6,24,29.74724179491564,-10,FALSE,16
7,24,30.791016336595767,-9,FALSE,16
8,24,31.847151739798722,-8,FALSE,16
9,24,32.61301189398025,-7,FALSE,16
10,24,34.42912336690262,-6,FALSE,16
11,24,35.90953761076816,-5,FALSE,16
12,24,34.9472583576169,-4,FALSE,16
13,24,36.09505700349024,-3,FALSE,16
14,24,36.957410793880925,-2,FALSE,16
15,24,36.84211613861286,-1,FALSE,16
16,24,43.595376250149364,0,TRUE,16
17,24,49.2389847652472,1,TRUE,16
18,24,58.03006059655653,2,TRUE,16
19,24,66.21141305323114,3,TRUE,16
20,24,75.06836727741728,4,TRUE,16
21,24,84.46809015598129,5,TRUE,16
22,24,95.48236467258636,6,TRUE,16
23,24,102.24667895566347,7,TRUE,16
24,24,110.82614561614282,8,TRUE,16
25,24,122.07090655042411,9,TRUE,16
26,24,127.47214517146269,10,TRUE,16
27,24,137.613171524976,11,TRUE,16
28,24,148.8520362805121,12,TRUE,16
29,24,157.5089697576818,13,TRUE,16
30,24,165.8969068910756,14,TRUE,16
31,24,174.71208521055732,15,TRUE,16
32,24,184.49002043643029,16,TRUE,16
33,24,191.71541091844625,17,TRUE,16
34,24,201.72636328881825,18,TRUE,16
35,24,212.32734404370677,19,TRUE,16
36,24,220.13927354529739,20,TRUE,16
37,24,228.00182047748572,21,TRUE,16
38,24,237.33823304443533,22,TRUE,16
39,24,246.7087468819275,23,TRUE,16
40,24,256.31619970637786,24,TRUE,16
41,24,264.95675674458596,25,TRUE,16
42,24,276.1402728142674,26,TRUE,16
43,24,282.5821754045703,27,TRUE,16
44,24,291.8888844765331,28,TRUE,16
45,24,301.047874170003,29,TRUE,16
46,24,309.03412043895185,30,TRUE,16
47,24,318.71861108743855,31,TRUE,16
48,24,327.50363803957805,32,TRUE,16
49,24,336.1742585121288,33,TRUE,16
50,24,344.9847467801362,34,TRUE,16
51,24,355.8828251763102,35,TRUE,16
52,24,364.5713252103818,36,TRUE,16
53,24,372.1092612961948,37,TRUE,16
54,24,381.7164794574381,38,TRUE,16
55,24,391.00730940495544,39,TRUE,16
56,24,400.22715496110027,40,TRUE,16
57,24,410.0777857859118,41,TRUE,16
58,24,419.18554244455987,42,TRUE,16
59,24,428.0775951383068,43,TRUE,16
60,24,436.6360202236128,44,TRUE,16
1,25,25.434499330120282,-23,FALSE,24
2,25,28.201877935558645,-22,FALSE,24
3,25,27.71958855622777,-21,FALSE,24
4,25,29.14320488749498,-20,FALSE,24
5,25,28.835962774860203,-19,FALSE,24
6,25,30.63329492211292,-18,FALSE,24
7,25,31.54917033409541,-17,FALSE,24
8,25,30.841763946781427,-16,FALSE,24
9,25,33.97541519989949,-15,FALSE,24
10,25,35.963641372616195,-14,FALSE,24
11,25,35.41393768190844,-13,FALSE,24
12,25,37.31388090556974,-12,FALSE,24
13,25,38.12292712378696,-11,FALSE,24
14,25,38.62434206339363,-10,FALSE,24
15,25,39.100964720146955,-9,FALSE,24
16,25,40.36457574529628,-8,FALSE,24
17,25,42.14368328861402,-7,FALSE,24
18,25,42.35343429041117,-6,FALSE,24
19,25,43.26051856558539,-5,FALSE,24
20,25,42.88354928706168,-4,FALSE,24
21,25,44.6204257399927,-3,FALSE,24
22,25,47.84150608275047,-2,FALSE,24
23,25,48.05618386521369,-1,FALSE,24
24,25,49.37954524883728,0,TRUE,24
25,25,56.6278844007265,1,TRUE,24
26,25,62.30990697508541,2,TRUE,24
27,25,67.51060290393099,3,TRUE,24
28,25,72.26127273200197,4,TRUE,24
29,25,78.50294592743757,5,TRUE,24
30,25,84.59906595016533,6,TRUE,24
31,25,92.2069307351287,7,TRUE,24
32,25,97.71967484850512,8,TRUE,24
33,25,102.72231239278996,9,TRUE,24
34,25,108.1310787579931,10,TRUE,24
35,25,115.29389027275833,11,TRUE,24
36,25,120.24092025712764,12,TRUE,24
37,25,128.17409063080046,13,TRUE,24
38,25,134.5295634000434,14,TRUE,24
39,25,140.7602431275996,15,TRUE,24
40,25,144.8282849765393,16,TRUE,24
41,25,150.8638539977934,17,TRUE,24
42,25,157.37401586200482,18,TRUE,24
43,25,164.17824658288004,19,TRUE,24
44,25,169.54446498416735,20,TRUE,24
45,25,175.00735300782137,21,TRUE,24
46,25,180.50242960456202,22,TRUE,24
47,25,187.21367946201826,23,TRUE,24
48,25,191.65335706095186,24,TRUE,24
49,25,199.46297936763008,25,TRUE,24
50,25,205.19838947180432,26,TRUE,24
51,25,212.6132024799588,27,TRUE,24
52,25,216.2028322421625,28,TRUE,24
53,25,223.5954464984905,29,TRUE,24
54,25,228.2129971257993,30,TRUE,24
55,25,235.96046570126106,31,TRUE,24
56,25,242.00155814104085,32,TRUE,24
57,25,246.60507474802685,33,TRUE,24
58,25,251.5303220469849,34,TRUE,24
59,25,257.985413143684,35,TRUE,24
60,25,265.7188095338761,36,TRUE,24
1,26,28.308424211779702,-Inf,FALSE,Inf
2,26,28.403927792575402,-Inf,FALSE,Inf
3,26,27.46044313350414,-Inf,FALSE,Inf
4,26,30.82347117016268,-Inf,FALSE,Inf
5,26,31.121663869876837,-Inf,FALSE,Inf
6,26,35.082811174642416,-Inf,FALSE,Inf
7,26,33.86661442736831,-Inf,FALSE,Inf
8,26,35.44577871821086,-Inf,FALSE,Inf
9,26,35.23663650518675,-Inf,FALSE,Inf
10,26,35.60549993798338,-Inf,FALSE,Inf
11,26,34.75191324044169,-Inf,FALSE,Inf
12,26,38.988131828796156,-Inf,FALSE,Inf
13,26,39.75571551627423,-Inf,FALSE,Inf
14,26,42.244336992784724,-Inf,FALSE,Inf
15,26,40.319391830684204,-Inf,FALSE,Inf
16,26,43.42940347634123,-Inf,FALSE,Inf
17,26,42.1645147020618,-Inf,FALSE,Inf
18,26,46.35694440913803,-Inf,FALSE,Inf
19,26,43.47654543679283,-Inf,FALSE,Inf
20,26,44.64934247603975,-Inf,FALSE,Inf
21,26,48.670609130460036,-Inf,FALSE,Inf
22,26,48.424762804746116,-Inf,FALSE,Inf
23,26,47.47466658622887,-Inf,FALSE,Inf
24,26,48.878606626066784,-Inf,FALSE,Inf
25,26,50.00270405005969,-Inf,FALSE,Inf
26,26,50.863772366940424,-Inf,FALSE,Inf
27,26,54.451811550034286,-Inf,FALSE,Inf
28,26,53.77517633008016,-Inf,FALSE,Inf
29,26,56.2614329990356,-Inf,FALSE,Inf
30,26,57.47453564587905,-Inf,FALSE,Inf
31,26,55.76229818277159,-Inf,FALSE,Inf
32,26,57.40473553327618,-Inf,FALSE,Inf
33,26,57.90771991115429,-Inf,FALSE,Inf
34,26,60.36498526125634,-Inf,FALSE,Inf
35,26,59.383071396797156,-Inf,FALSE,Inf
36,26,62.945960901190254,-Inf,FALSE,Inf
37,26,63.93420740818827,-Inf,FALSE,Inf
38,26,64.80113797336877,-Inf,FALSE,Inf
39,26,63.8111551883499,-Inf,FALSE,Inf
40,26,65.01560447903809,-Inf,FALSE,Inf
41,26,67.00192977884231,-Inf,FALSE,Inf
42,26,69.03676624195069,-Inf,FALSE,Inf
43,26,69.85046120403585,-Inf,FALSE,Inf
44,26,70.00135762883048,-Inf,FALSE,Inf
45,26,71.11314265481622,-Inf,FALSE,Inf
46,26,71.0414856768045,-Inf,FALSE,Inf
47,26,74.86720045032331,-Inf,FALSE,Inf
48,26,73.98043245634304,-Inf,FALSE,Inf
49,26,75.70722283400355,-Inf,FALSE,Inf
50,26,75.78744477682977,-Inf,FALSE,Inf
51,26,75.50271906401963,-Inf,FALSE,Inf
52,26,78.34454868053763,-Inf,FALSE,Inf
53,26,79.42621458810216,-Inf,FALSE,Inf
54,26,79.9643932138995,-Inf,FALSE,Inf
55,26,79.0703769874417,-Inf,FALSE,Inf
56,26,82.00758091008683,-Inf,FALSE,Inf
57,26,82.7812433198109,-Inf,FALSE,Inf
58,26,85.36893914024473,-Inf,FALSE,Inf
59,26,87.1817535967981,-Inf,FALSE,Inf
60,26,85.058738012865,-Inf,FALSE,Inf
1,27,28.431140976415847,-Inf,FALSE,Inf
2,27,29.246200499473975,-Inf,FALSE,Inf
3,27,30.066806401429268,-Inf,FALSE,Inf
4,27,31.213863792345503,-Inf,FALSE,Inf
5,27,32.12210391802323,-Inf,FALSE,Inf
6,27,33.93660503780877,-Inf,FALSE,Inf
7,27,34.737452859713336,-Inf,FALSE,Inf
8,27,34.685002865231304,-Inf,FALSE,Inf
9,27,35.232223613569296,-Inf,FALSE,Inf
10,27,36.91422433121619,-Inf,FALSE,Inf
11,27,38.00085477890993,-Inf,FALSE,Inf
12,27,38.3534578496834,-Inf,FALSE,Inf
13,27,39.98214170581488,-Inf,FALSE,Inf
14,27,39.8093057406105,-Inf,FALSE,Inf
15,27,41.58127381605935,-Inf,FALSE,Inf
16,27,43.1458100612288,-Inf,FALSE,Inf
17,27,44.85345124461181,-Inf,FALSE,Inf
18,27,47.288742700951836,-Inf,FALSE,Inf
19,27,47.644214667810985,-Inf,FALSE,Inf
20,27,46.99953940305944,-Inf,FALSE,Inf
21,27,49.275025999241905,-Inf,FALSE,Inf
22,27,48.09232954887886,-Inf,FALSE,Inf
23,27,51.36229153603895,-Inf,FALSE,Inf
24,27,50.188712314053575,-Inf,FALSE,Inf
25,27,52.89774794065699,-Inf,FALSE,Inf
26,27,52.9822757380769,-Inf,FALSE,Inf
27,27,55.03687932261227,-Inf,FALSE,Inf
28,27,54.109202541568294,-Inf,FALSE,Inf
29,27,54.169115207163784,-Inf,FALSE,Inf
30,27,55.69397083363936,-Inf,FALSE,Inf
31,27,56.522181428637666,-Inf,FALSE,Inf
32,27,57.51167194933909,-Inf,FALSE,Inf
33,27,58.91533360776126,-Inf,FALSE,Inf
34,27,58.96843256308436,-Inf,FALSE,Inf
35,27,63.929775430618456,-Inf,FALSE,Inf
36,27,63.843715474388254,-Inf,FALSE,Inf
37,27,64.06474028564257,-Inf,FALSE,Inf
38,27,65.82087852669336,-Inf,FALSE,Inf
39,27,65.74888505874853,-Inf,FALSE,Inf
40,27,67.43675536144471,-Inf,FALSE,Inf
41,27,68.24157220934715,-Inf,FALSE,Inf
42,27,68.32870823137507,-Inf,FALSE,Inf
43,27,69.63745937749331,-Inf,FALSE,Inf
44,27,72.18923847579477,-Inf,FALSE,Inf
45,27,70.92230074177814,-Inf,FALSE,Inf
46,27,73.19142018043954,-Inf,FALSE,Inf
47,27,73.79277586792108,-Inf,FALSE,Inf
48,27,74.55060547109804,-Inf,FALSE,Inf
49,27,77.4221440260842,-Inf,FALSE,Inf
50,27,75.93983323289547,-Inf,FALSE,Inf
51,27,79.09462022773688,-Inf,FALSE,Inf
52,27,80.04461502924993,-Inf,FALSE,Inf
53,27,80.0109586127168,-Inf,FALSE,Inf
54,27,81.94072598720409,-Inf,FALSE,Inf
55,27,82.63488431358374,-Inf,FALSE,Inf
56,27,83.27422613419363,-Inf,FALSE,Inf
57,27,83.34848855973097,-Inf,FALSE,Inf
58,27,85.56629100279432,-Inf,FALSE,Inf
59,27,86.83305264640346,-Inf,FALSE,Inf
60,27,88.8586121163195,-Inf,FALSE,Inf
1,28,27.66167781796913,-23,FALSE,24
2,28,30.731091497055345,-22,FALSE,24
3,28,31.282737912250443,-21,FALSE,24
4,28,31.351757524916547,-20,FALSE,24
5,28,32.754649479335775,-19,FALSE,24
6,28,33.23273029338306,-18,FALSE,24
7,28,35.10567038322193,-17,FALSE,24
8,28,36.82078967689621,-16,FALSE,24
9,28,34.573477876362574,-15,FALSE,24
10,28,36.865867477366805,-14,FALSE,24
11,28,37.45496183665246,-13,FALSE,24
12,28,39.06749280390775,-12,FALSE,24
13,28,42.46918419805332,-11,FALSE,24
14,28,41.280861329083066,-10,FALSE,24
15,28,41.69770064788857,-9,FALSE,24
16,28,44.57988171473138,-8,FALSE,24
17,28,44.5838915842357,-7,FALSE,24
18,28,44.20123452849231,-6,FALSE,24
19,28,46.48392979552102,-5,FALSE,24
20,28,46.17986557598478,-4,FALSE,24
21,28,48.85592874780442,-3,FALSE,24
22,28,52.39131908867991,-2,FALSE,24
23,28,49.59017162730804,-1,FALSE,24
24,28,51.53364601852711,0,TRUE,24
25,28,57.87708115235688,1,TRUE,24
26,28,64.02672523518231,2,TRUE,24
27,28,69.4415105266344,3,TRUE,24
28,28,74.93351318146361,4,TRUE,24
29,28,82.98402650741654,5,TRUE,24
30,28,88.87620616443694,6,TRUE,24
31,28,94.03617346089122,7,TRUE,24
32,28,100.87519718419534,8,TRUE,24
33,28,105.07690774339218,9,TRUE,24
34,28,112.39031325718938,10,TRUE,24
35,28,117.97423680496223,11,TRUE,24
36,28,123.86234905688885,12,TRUE,24
37,28,129.60195037696744,13,TRUE,24
38,28,137.34132853644797,14,TRUE,24
39,28,140.9281227866408,15,TRUE,24
40,28,147.05605985986705,16,TRUE,24
41,28,152.43099668746797,17,TRUE,24
42,28,158.8594389014896,18,TRUE,24
43,28,165.9830622183634,19,TRUE,24
44,28,174.55518071926116,20,TRUE,24
45,28,179.02954556642186,21,TRUE,24
46,28,183.7230979017125,22,TRUE,24
47,28,190.039553841855,23,TRUE,24
48,28,196.45126936545924,24,TRUE,24
49,28,201.42075860984357,25,TRUE,24
50,28,207.65374213766842,26,TRUE,24
51,28,212.3794019790454,27,TRUE,24
52,28,220.16032771751128,28,TRUE,24
53,28,227.09492069381102,29,TRUE,24
54,28,231.91118752270768,30,TRUE,24
55,28,238.08979200057337,31,TRUE,24
56,28,245.73856993212968,32,TRUE,24
57,28,249.0624658145653,33,TRUE,24
58,28,256.270589107707,34,TRUE,24
59,28,261.73630253884136,35,TRUE,24
60,28,267.57800952524366,36,TRUE,24
1,29,29.699957122780724,-11,FALSE,12
2,29,30.550696421520744,-10,FALSE,12
3,29,32.365506657155365,-9,FALSE,12
4,29,32.69917131774457,-8,FALSE,12
5,29,34.134354074254944,-7,FALSE,12
6,29,35.260991468272806,-6,FALSE,12
7,29,35.43629600884709,-5,FALSE,12
8,29,34.935406115452565,-4,FALSE,12
9,29,37.61135081383548,-3,FALSE,12
10,29,37.11365582877793,-2,FALSE,12
11,29,40.16299542160734,-1,FALSE,12
12,29,41.81675726727525,0,TRUE,12
13,29,50.67574111904066,1,TRUE,12
14,29,62.05134837186834,2,TRUE,12
15,29,71.67635721153796,3,TRUE,12
16,29,81.0455800615756,4,TRUE,12
17,29,89.6751024459504,5,TRUE,12
18,29,102.96375823872187,6,TRUE,12
19,29,112.01656895553721,7,TRUE,12
20,29,120.78064460062888,8,TRUE,12
21,29,130.4073322833163,9,TRUE,12
22,29,140.64669084853992,10,TRUE,12
23,29,149.41981369170392,11,TRUE,12
24,29,159.44293483104883,12,TRUE,12
25,29,170.4618802544125,13,TRUE,12
26,29,179.8997870034816,14,TRUE,12
27,29,188.40211127761307,15,TRUE,12
28,29,199.91388155304838,16,TRUE,12
29,29,209.42116044845704,17,TRUE,12
30,29,222.36374998767718,18,TRUE,12
31,29,230.92534189092896,19,TRUE,12
32,29,240.55022573284424,20,TRUE,12
33,29,250.78808755564285,21,TRUE,12
34,29,260.5214334073335,22,TRUE,12
35,29,269.84503360616844,23,TRUE,12
36,29,281.3477997986782,24,TRUE,12
37,29,291.723931105935,25,TRUE,12
38,29,299.0037222097022,26,TRUE,12
39,29,310.344957280163,27,TRUE,12
40,29,322.02996944136436,28,TRUE,12
41,29,330.14287630875765,29,TRUE,12
42,29,341.5622368585042,30,TRUE,12
43,29,351.26157967361684,31,TRUE,12
44,29,359.45503715784173,32,TRUE,12
45,29,370.2114632185011,33,TRUE,12
46,29,380.1341815802226,34,TRUE,12
47,29,393.7862518920856,35,TRUE,12
48,29,402.2503915871055,36,TRUE,12
49,29,410.0328696655449,37,TRUE,12
50,29,420.31919987396026,38,TRUE,12
51,29,431.72992397273794,39,TRUE,12
52,29,441.56978174001785,40,TRUE,12
53,29,449.273487652909,41,TRUE,12
54,29,458.42870575465315,42,TRUE,12
55,29,471.85417200493475,43,TRUE,12
56,29,479.9571431171937,44,TRUE,12
57,29,491.86897090767206,45,TRUE,12
58,29,500.5450415715501,46,TRUE,12
59,29,512.3620459590942,47,TRUE,12
60,29,520.2966069952566,48,TRUE,12
1,30,30.063214961669818,-23,FALSE,24
2,30,32.07194377222205,-22,FALSE,24
3,30,33.85701680366398,-21,FALSE,24
4,30,35.047733382309964,-20,FALSE,24
5,30,34.54122690152625,-19,FALSE,24
6,30,37.16499877834617,-18,FALSE,24
7,30,36.86957367339357,-17,FALSE,24
8,30,38.02569105562558,-16,FALSE,24
9,30,39.201492661269825,-15,FALSE,24
10,30,38.22611609009853,-14,FALSE,24
11,30,41.089494550027844,-13,FALSE,24
12,30,40.826119135153625,-12,FALSE,24
13,30,42.045815616673835,-11,FALSE,24
14,30,44.232855080649024,-10,FALSE,24
15,30,45.40739213093306,-9,FALSE,24
16,30,46.06804090962041,-8,FALSE,24
17,30,47.62525492205368,-7,FALSE,24
18,30,47.297613981220074,-6,FALSE,24
19,30,50.57261624621863,-5,FALSE,24
20,30,50.175399424879174,-4,FALSE,24
21,30,50.87753618719381,-3,FALSE,24
22,30,51.0446304174521,-2,FALSE,24
23,30,52.29200095814888,-1,FALSE,24
24,30,51.786678040670814,0,TRUE,24
25,30,58.82834353621534,1,TRUE,24
26,30,64.59465293453353,2,TRUE,24
27,30,71.5890298895153,3,TRUE,24
28,30,78.1961788374123,4,TRUE,24
29,30,85.07091982332713,5,TRUE,24
30,30,88.73225611700215,6,TRUE,24
31,30,94.87323998129453,7,TRUE,24
32,30,101.82953805803244,8,TRUE,24
33,30,108.50162653777102,9,TRUE,24
34,30,115.25348033645496,10,TRUE,24
35,30,121.69349174686988,11,TRUE,24
36,30,125.34386457810534,12,TRUE,24
37,30,131.80436878670386,13,TRUE,24
38,30,136.86506364858772,14,TRUE,24
39,30,142.84476660215014,15,TRUE,24
40,30,148.929524043993,16,TRUE,24
41,30,156.27047052246309,17,TRUE,24
42,30,161.76401975984828,18,TRUE,24
43,30,168.35347238503613,19,TRUE,24
44,30,173.63438795887106,20,TRUE,24
45,30,181.439043960033,21,TRUE,24
46,30,186.87271196382815,22,TRUE,24
47,30,193.70129166171608,23,TRUE,24
48,30,198.51133406195817,24,TRUE,24
49,30,205.44820293725303,25,TRUE,24
50,30,208.84154182702233,26,TRUE,24
51,30,215.60416072394509,27,TRUE,24
52,30,223.2028132938312,28,TRUE,24
53,30,226.83078846491713,29,TRUE,24
54,30,233.4833374578244,30,TRUE,24
55,30,241.1673108788413,31,TRUE,24
56,30,245.86184177336716,32,TRUE,24
57,30,253.0403069643568,33,TRUE,24
58,30,258.10716752369973,34,TRUE,24
59,30,262.59570892408703,35,TRUE,24
60,30,269.2259933257412,36,TRUE,24
